Sample,ROI,Depolarization_Start_Time_s,Peak_Time_s,Amplitude,APD50_s,APD90_s,APD50_90_Ratio,Upstroke_Time_s,Repolarization_Time_s,Repolarization_Level
SUPH222P_PostISO002,#1 (Mono - Tx Red),1.861,1.941,0.011944132332046532,0.27100000000000013,0.3510000000000002,0.772079772079772,0.08000000000000007,2.212,0.020115699998858552
SUPH222P_PostISO002,#1 (Mono - Tx Red),2.862,2.922,0.011550427697568363,0.2599999999999998,0.2999999999999998,0.8666666666666665,0.06000000000000005,3.162,0.01325077833435335
SUPH222P_PostISO002,#1 (Mono - Tx Red),3.853,3.923,0.012882737489911728,0.2899999999999996,0.36999999999999966,0.7837837837837834,0.06999999999999984,4.223,0.007758222914418842
SUPH222P_PostISO002,#1 (Mono - Tx Red),5.214,5.314,0.013374784820170115,0.23999999999999932,0.3299999999999992,0.7272727272727271,0.09999999999999964,5.544,0.0056689949891640945
SUPH222P_PostISO002,#1 (Mono - Tx Red),5.864,5.924,0.012784824186917704,0.2709999999999999,0.36099999999999977,0.7506925207756235,0.0600000000000005,6.225,0.00403178938506194
SUPH222P_PostISO002,#1 (Mono - Tx Red),7.776,7.876,0.013022463937965217,0.2900000000000009,0.35999999999999943,0.8055555555555594,0.10000000000000053,8.136,0.003876567596064251
SUPH222P_PostISO002,#2 (Mono - Tx Red),0.841,0.931,0.01836481816040084,0.31000000000000005,0.8,0.38750000000000007,0.09000000000000008,1.641,0.0021396151145703455
SUPH222P_PostISO002,#2 (Mono - Tx Red),1.831,1.911,0.01744774480967883,0.31099999999999994,0.7810000000000001,0.3982074263764403,0.08000000000000007,2.612,0.0029881451003053623
SUPH222P_PostISO002,#2 (Mono - Tx Red),2.842,2.922,0.017207444230933407,0.29000000000000004,0.7709999999999999,0.3761348897535669,0.08000000000000007,3.613,0.00408729260157697
SUPH222P_PostISO002,#2 (Mono - Tx Red),3.833,3.923,0.016253360680316853,0.3099999999999996,0.71,0.43661971830985863,0.08999999999999986,4.543,0.00464405015175795
SUPH222P_PostISO002,#2 (Mono - Tx Red),6.825,6.925,0.017512287109917084,0.3199999999999994,0.7610000000000001,0.42049934296977576,0.09999999999999964,7.586,0.003373710319753704
SUPH222P_PostISO002,#2 (Mono - Tx Red),7.776,7.876,0.016289834289427936,0.3000000000000007,0.7799999999999994,0.38461538461538586,0.10000000000000053,8.556,0.0045062785040591805
SUPH222P_PostISO002,#3 (Mono - Tx Red),0.821,0.881,0.0012225669558145079,0.72,0.74,0.9729729729729729,0.06000000000000005,1.561,0.0022336856420113694
SUPH222P_PostISO002,#3 (Mono - Tx Red),6.835,6.915,0.009709322014681694,0.3099999999999996,0.7110000000000003,0.43600562587904285,0.08000000000000007,7.546,0.0023463731816328022
SUPH222P_PostISO002,#3 (Mono - Tx Red),7.766,7.866,0.010129101918366969,0.3200000000000003,0.9309999999999992,0.34371643394199847,0.09999999999999964,8.697,0.0017505109850475943
SUPH222P_PostISO002,#3 (Mono - Tx Red),8.857,8.937,0.009804709796703566,0.2900000000000009,0.7100000000000009,0.4084507042253529,0.08000000000000007,9.567,0.0022616665042192964
SUPH222P_PostISO002,#4 (Mono - Tx Red),1.831,1.921,0.013735634293823405,0.31099999999999994,0.7509999999999999,0.4141145139813582,0.09000000000000008,2.582,0.004043877273024611
SUPH222P_PostISO002,#4 (Mono - Tx Red),2.862,2.922,0.013445638070145038,0.2799999999999998,0.681,0.41116005873715095,0.06000000000000005,3.543,0.00437724935755511
SUPH222P_PostISO002,#4 (Mono - Tx Red),3.843,3.923,0.014211266844597127,0.2999999999999998,0.6699999999999999,0.44776119402985054,0.08000000000000007,4.513,0.004554631013208294
SUPH222P_PostISO002,#4 (Mono - Tx Red),5.864,5.935,0.013493612254737688,0.2809999999999997,0.641,0.4383775351014036,0.07099999999999973,6.505,0.004477530733316816
SUPH222P_PostISO002,#4 (Mono - Tx Red),7.776,7.836,0.011154282522501658,0.3200000000000003,0.8610000000000007,0.37166085946573757,0.0600000000000005,8.637,0.004004008272781507
SUPH222P_PostISO002,#4 (Mono - Tx Red),8.857,8.927,0.013173651276605332,0.2900000000000009,0.6400000000000006,0.45312500000000105,0.07000000000000028,9.497,0.004178133268721103
SUPH222P_PostISO002,#5 (Mono - Tx Red),2.852,2.922,0.017865643178950574,0.29000000000000004,0.7909999999999999,0.3666245259165614,0.07000000000000028,3.643,0.004887035661032657
SUPH222P_PostISO002,#5 (Mono - Tx Red),3.853,3.923,0.017217048392208983,0.2899999999999996,0.6800000000000002,0.42647058823529344,0.06999999999999984,4.533,0.004760043711542872
SUPH222P_PostISO002,#5 (Mono - Tx Red),4.774,4.924,0.016958515311661218,0.3600000000000003,0.75,0.4800000000000004,0.15000000000000036,5.524,0.004684790609993395
SUPH222P_PostISO002,#5 (Mono - Tx Red),5.784,5.924,0.01609587474122807,0.36099999999999977,0.7210000000000001,0.5006934812760052,0.14000000000000057,6.505,0.004928886737354294
SUPH222P_PostISO002,#5 (Mono - Tx Red),6.845,6.945,0.015840196307659715,0.29100000000000037,0.6710000000000003,0.4336810730253357,0.10000000000000053,7.516,0.004477493190204239
SUPH222P_PostISO002,#5 (Mono - Tx Red),7.756,7.856,0.017220462836998646,0.3200000000000003,0.9510000000000005,0.3364879074658256,0.09999999999999964,8.707,0.003925203345160004
SUPH222P_PostISO002,#6 (Mono - Tx Red),0.871,0.951,0.01017591791377653,0.27,0.3400000000000001,0.7941176470588234,0.07999999999999996,1.211,0.0023725769508901188
SUPH222P_PostISO002,#6 (Mono - Tx Red),4.223,4.283,0.00815864167548723,0.23000000000000043,0.28000000000000025,0.8214285714285722,0.0600000000000005,4.503,0.0026318554109132216
SUPH222P_PostISO002,#6 (Mono - Tx Red),6.215,6.305,0.007644950556081984,0.2400000000000002,0.29000000000000004,0.8275862068965524,0.08999999999999986,6.505,0.002724057968941855
SUPH222P_PostISO002,#6 (Mono - Tx Red),6.855,6.925,0.011171710457032968,0.2699999999999996,0.34999999999999964,0.771428571428571,0.0699999999999994,7.205,0.002689671518282413
SUPH222P_PostISO002,#6 (Mono - Tx Red),8.216,8.276,0.009087064748887909,0.2900000000000009,0.33000000000000007,0.8787878787878814,0.0600000000000005,8.546,0.0026856519371407047
SUPH222P_PostISO002,#7 (Mono - Tx Red),0.19,0.29,0.008238566642031224,0.29,0.37000000000000005,0.7837837837837837,0.09999999999999998,0.56,0.0020272198354859875
SUPH222P_PostISO002,#7 (Mono - Tx Red),0.841,0.951,0.009106204678619315,0.29000000000000004,0.3800000000000001,0.7631578947368419,0.10999999999999999,1.221,0.002405822730815485
SUPH222P_PostISO002,#7 (Mono - Tx Red),1.861,1.931,0.009134351927320004,0.2609999999999999,0.34099999999999997,0.7653958944281523,0.07000000000000006,2.202,0.002048009817720157
SUPH222P_PostISO002,#7 (Mono - Tx Red),2.862,2.922,0.009074150570101792,0.27,0.33999999999999986,0.7941176470588239,0.06000000000000005,3.202,0.0021880866356057955
SUPH222P_PostISO002,#7 (Mono - Tx Red),6.215,6.295,0.00852099763125392,0.25,0.3799999999999999,0.6578947368421054,0.08000000000000007,6.595,0.0017275264953925354
SUPH222P_PostISO002,#7 (Mono - Tx Red),8.867,8.957,0.009127346526299013,0.2699999999999996,0.3199999999999985,0.8437500000000026,0.08999999999999986,9.187,0.002473141149946018
SUPH222P_PostISO002,#8 (Mono - Tx Red),0.841,0.931,0.011714023155289799,0.32000000000000006,0.6400000000000001,0.5,0.09000000000000008,1.481,0.0070342010245892875
SUPH222P_PostISO002,#8 (Mono - Tx Red),3.833,3.913,0.011952639116567925,0.33000000000000007,0.6499999999999995,0.5076923076923082,0.07999999999999963,4.483,0.005534719364165163
SUPH222P_PostISO002,#8 (Mono - Tx Red),4.814,4.934,0.011496302948630056,0.33000000000000007,0.6500000000000004,0.5076923076923076,0.1200000000000001,5.464,0.005171871984500852
SUPH222P_PostISO002,#8 (Mono - Tx Red),7.786,7.876,0.01212436779826074,0.3200000000000003,0.7300000000000004,0.4383561643835618,0.09000000000000075,8.516,0.0034007755220066167
SUPH222P_PostISO002,#9 (Mono - Tx Red),0.821,0.941,0.015500201067212373,0.3700000000000001,0.7,0.5285714285714288,0.12,1.521,0.0007557538150278049
SUPH222P_PostISO002,#9 (Mono - Tx Red),1.791,1.911,0.014658302022476906,0.3810000000000002,0.7709999999999999,0.494163424124514,0.1200000000000001,2.562,0.0005355730744387987
SUPH222P_PostISO002,#9 (Mono - Tx Red),2.832,2.982,0.015763270718907273,0.3700000000000001,0.7510000000000003,0.4926764314247669,0.15000000000000036,3.583,0.0006001908197688187
SUPH222P_PostISO002,#9 (Mono - Tx Red),5.814,5.894,0.011043932122696014,0.4009999999999998,0.7309999999999999,0.5485636114911079,0.08000000000000007,6.545,0.0008101021910959727
SUPH222P_PostISO002,#9 (Mono - Tx Red),6.825,6.915,0.014415633254276968,0.33999999999999986,0.7409999999999997,0.45883940620782726,0.08999999999999986,7.566,0.0012244389354387083
SUPH222P_PostISO002,#9 (Mono - Tx Red),7.796,7.896,0.014687117784628076,0.3099999999999996,0.8099999999999996,0.38271604938271575,0.09999999999999964,8.606,0.0014555029851198694
SUPH222P_PostISO002,#10 (Mono - Tx Red),0.831,0.921,0.012087587100918527,0.21999999999999997,0.28,0.7857142857142856,0.09000000000000008,1.111,0.006593017416556984
SUPH222P_PostISO002,#10 (Mono - Tx Red),1.841,1.911,0.012144591313266874,0.21100000000000008,0.2809999999999999,0.750889679715303,0.07000000000000006,2.122,0.0065833040666910736
SUPH222P_PostISO002,#10 (Mono - Tx Red),2.812,2.922,0.012450193546207777,0.2400000000000002,0.31000000000000005,0.7741935483870973,0.11000000000000032,3.122,0.005838668144708432
SUPH222P_PostISO002,#10 (Mono - Tx Red),3.843,3.913,0.011703394807600792,0.17999999999999972,0.27000000000000046,0.6666666666666645,0.06999999999999984,4.113,0.006479747406667805
SUPH222P_PostISO002,#10 (Mono - Tx Red),4.844,4.914,0.012436105052094326,0.20999999999999996,0.27999999999999936,0.7500000000000016,0.0699999999999994,5.124,0.006164636151318098
SUPH222P_PostISO002,#10 (Mono - Tx Red),5.764,5.914,0.01252848946149876,0.2809999999999997,0.36099999999999977,0.7783933518005537,0.14999999999999947,6.125,0.005989853750870973
SUPH222P_PostISO002,#10 (Mono - Tx Red),6.835,6.915,0.012807290678909638,0.20000000000000018,0.27000000000000046,0.7407407407407401,0.08000000000000007,7.105,0.006593683572919477
SUPH222P_PostISO002,#10 (Mono - Tx Red),7.746,7.856,0.011061329422834481,0.22999999999999954,0.3099999999999987,0.7419354838709693,0.10999999999999943,8.056,0.006672585416876182
SUPH222P_PostISO002,#10 (Mono - Tx Red),8.827,8.917,0.011937120828324231,0.22000000000000064,0.3000000000000007,0.7333333333333337,0.08999999999999986,9.127,0.005459563407048786
CRISPH222P_PreISO011,#1 (Mono - Tx Red),0.31,0.44,0.00923227567830906,0.27999999999999997,0.40099999999999997,0.6982543640897756,0.13,0.711,0.0019659410814175976
CRISPH222P_PreISO011,#1 (Mono - Tx Red),0.781,0.911,0.009294739606507901,0.22999999999999987,0.29999999999999993,0.7666666666666664,0.13,1.081,0.002162996073020853
CRISPH222P_PreISO011,#1 (Mono - Tx Red),1.691,1.781,0.009156541141944724,0.23099999999999987,0.32099999999999995,0.7196261682242988,0.08999999999999986,2.012,0.0019711601344470225
CRISPH222P_PreISO011,#1 (Mono - Tx Red),2.132,2.242,0.009717971466550065,0.2799999999999998,0.3500000000000001,0.7999999999999993,0.10999999999999988,2.482,0.002165830060730261
CRISPH222P_PreISO011,#1 (Mono - Tx Red),2.632,2.742,0.009739729145565543,0.23999999999999977,0.31999999999999984,0.7499999999999997,0.10999999999999988,2.952,0.002176933681152389
CRISPH222P_PreISO011,#1 (Mono - Tx Red),3.082,3.182,0.009950458161343611,0.28100000000000014,0.371,0.7574123989218333,0.10000000000000009,3.453,0.001943187513664781
CRISPH222P_PreISO011,#1 (Mono - Tx Red),3.553,3.683,0.010054962201169328,0.25,0.3799999999999999,0.6578947368421054,0.1299999999999999,3.933,0.001958454213072054
CRISPH222P_PreISO011,#1 (Mono - Tx Red),3.983,4.113,0.009334838452623225,0.2899999999999996,0.36999999999999966,0.7837837837837834,0.13000000000000034,4.353,0.0022552467955951677
CRISPH222P_PreISO011,#1 (Mono - Tx Red),4.443,4.584,0.009860417227358288,0.2610000000000001,0.351,0.743589743589744,0.14100000000000001,4.794,0.00244646393236867
CRISPH222P_PreISO011,#1 (Mono - Tx Red),4.944,5.034,0.009625384975143142,0.25,0.34999999999999964,0.714285714285715,0.08999999999999986,5.294,0.0022895810157554965
CRISPH222P_PreISO011,#1 (Mono - Tx Red),5.404,5.524,0.009253617604112887,0.2400000000000002,0.3100000000000005,0.7741935483870962,0.1200000000000001,5.714,0.0023479995210421993
CRISPH222P_PreISO011,#1 (Mono - Tx Red),5.854,5.985,0.00961123877819331,0.2610000000000001,0.37099999999999955,0.7035040431266858,0.13100000000000023,6.225,0.0019962573857001814
CRISPH222P_PreISO011,#1 (Mono - Tx Red),6.285,6.425,0.009564356388757578,0.2599999999999998,0.33999999999999986,0.7647058823529409,0.13999999999999968,6.625,0.0021918723053243145
CRISPH222P_PreISO011,#1 (Mono - Tx Red),6.705,6.865,0.008990132330667863,0.28000000000000025,0.41999999999999993,0.6666666666666674,0.16000000000000014,7.125,0.001930558192520938
CRISPH222P_PreISO011,#1 (Mono - Tx Red),7.175,7.316,0.010339162965047135,0.2610000000000001,0.37100000000000044,0.7035040431266841,0.14100000000000001,7.546,0.001952957003103912
CRISPH222P_PreISO011,#1 (Mono - Tx Red),7.696,7.776,0.009681737781236887,0.2400000000000002,0.34999999999999964,0.685714285714287,0.08000000000000007,8.046,0.0019668724393255947
CRISPH222P_PreISO011,#1 (Mono - Tx Red),8.126,8.236,0.009419695622008128,0.25,0.3500000000000014,0.7142857142857114,0.11000000000000121,8.476,0.002440778187464067
CRISPH222P_PreISO011,#1 (Mono - Tx Red),9.057,9.187,0.009194046320670808,0.25,0.3699999999999992,0.6756756756756771,0.129999999999999,9.427,0.002123133011422257
CRISPH222P_PreISO011,#1 (Mono - Tx Red),9.527,9.677,0.010351904352115207,0.27000000000000135,0.3410000000000011,0.7917888563049867,0.15000000000000036,9.868,0.002343463852198755
CRISPH222P_PreISO011,#2 (Mono - Tx Red),0.31,0.48,0.009557786629472088,0.27999999999999997,0.39099999999999996,0.7161125319693095,0.16999999999999998,0.701,0.001837137977915967
CRISPH222P_PreISO011,#2 (Mono - Tx Red),0.791,0.911,0.0089016054461343,0.21999999999999986,0.31999999999999995,0.6874999999999997,0.12,1.111,0.0016391768593346547
CRISPH222P_PreISO011,#2 (Mono - Tx Red),1.201,1.361,0.009472215561061027,0.2999999999999998,0.3799999999999999,0.7894736842105261,0.15999999999999992,1.581,0.0015891564270916637
CRISPH222P_PreISO011,#2 (Mono - Tx Red),1.701,1.791,0.009302915676517025,0.22099999999999986,0.31099999999999994,0.7106109324758839,0.08999999999999986,2.012,0.0015024995393002594
CRISPH222P_PreISO011,#2 (Mono - Tx Red),2.142,2.272,0.01034689709475505,0.27,0.3500000000000001,0.7714285714285712,0.1299999999999999,2.492,0.0013022028365661446
CRISPH222P_PreISO011,#2 (Mono - Tx Red),2.612,2.732,0.009658701541150396,0.2799999999999998,0.4099999999999997,0.6829268292682927,0.1200000000000001,3.022,0.0011250572415867914
CRISPH222P_PreISO011,#2 (Mono - Tx Red),3.052,3.212,0.009562790463773901,0.30100000000000016,0.41100000000000003,0.7323600973236013,0.16000000000000014,3.463,0.0015489923650305135
CRISPH222P_PreISO011,#2 (Mono - Tx Red),3.543,3.683,0.01008364530281416,0.2599999999999998,0.3599999999999999,0.7222222222222219,0.13999999999999968,3.903,0.001851330077266452
CRISPH222P_PreISO011,#2 (Mono - Tx Red),4.023,4.113,0.009539866853404876,0.2600000000000007,0.3600000000000003,0.7222222222222234,0.09000000000000075,4.383,0.0016058254206222716
CRISPH222P_PreISO011,#2 (Mono - Tx Red),4.463,4.584,0.008945021621089387,0.24099999999999966,0.3309999999999995,0.7280966767371602,0.12099999999999955,4.794,0.002201464422062878
CRISPH222P_PreISO011,#2 (Mono - Tx Red),4.944,5.054,0.009659808154150908,0.2599999999999998,0.3200000000000003,0.8124999999999987,0.11000000000000032,5.264,0.0018642480871923091
CRISPH222P_PreISO011,#2 (Mono - Tx Red),5.404,5.544,0.009116911032423285,0.2400000000000002,0.3100000000000005,0.7741935483870962,0.13999999999999968,5.714,0.0019641922163338146
CRISPH222P_PreISO011,#2 (Mono - Tx Red),5.854,5.985,0.009651295116019407,0.2709999999999999,0.36099999999999977,0.7506925207756235,0.13100000000000023,6.215,0.0018287706116968476
CRISPH222P_PreISO011,#2 (Mono - Tx Red),6.285,6.435,0.009460931292479371,0.2699999999999996,0.3700000000000001,0.7297297297297284,0.14999999999999947,6.655,0.0015703167063727615
CRISPH222P_PreISO011,#2 (Mono - Tx Red),6.745,6.885,0.00943475455105518,0.25,0.33999999999999986,0.7352941176470591,0.13999999999999968,7.085,0.0016890379027710827
CRISPH222P_PreISO011,#2 (Mono - Tx Red),7.195,7.326,0.009384696300048215,0.2610000000000001,0.351,0.743589743589744,0.13099999999999934,7.546,0.0014166720909112502
CRISPH222P_PreISO011,#2 (Mono - Tx Red),7.696,7.786,0.01057983498803056,0.25,0.33000000000000007,0.7575757575757575,0.08999999999999986,8.026,0.001214824433062444
CRISPH222P_PreISO011,#2 (Mono - Tx Red),8.136,8.256,0.009560256980878442,0.2400000000000002,0.3500000000000014,0.6857142857142835,0.120000000000001,8.486,0.0018229196385123971
CRISPH222P_PreISO011,#2 (Mono - Tx Red),9.047,9.187,0.009297653571436219,0.2599999999999998,0.33999999999999986,0.7647058823529409,0.1399999999999988,9.387,0.0023368706590636565
CRISPH222P_PreISO011,#2 (Mono - Tx Red),9.517,9.677,0.009979175229342663,0.29100000000000037,0.35100000000000087,0.8290598290598281,0.16000000000000014,9.868,0.0019646419672767826
CRISPH222P_PreISO011,#3 (Mono - Tx Red),0.33,0.44,0.008527327803001632,0.25999999999999995,0.37099999999999994,0.7008086253369272,0.10999999999999999,0.701,0.0016687043914263024
CRISPH222P_PreISO011,#3 (Mono - Tx Red),0.781,0.891,0.008788772157582232,0.21999999999999986,0.33999999999999997,0.6470588235294115,0.10999999999999999,1.121,0.0019770043594427686
CRISPH222P_PreISO011,#3 (Mono - Tx Red),1.201,1.351,0.008952204679793074,0.28,0.3899999999999999,0.7179487179487182,0.1499999999999999,1.591,0.0019055594246223501
CRISPH222P_PreISO011,#3 (Mono - Tx Red),1.691,1.791,0.008602412613271954,0.21999999999999997,0.2809999999999999,0.7829181494661923,0.09999999999999987,1.972,0.002004877898520913
CRISPH222P_PreISO011,#3 (Mono - Tx Red),2.162,2.272,0.008782643057427226,0.25,0.30000000000000027,0.8333333333333326,0.10999999999999988,2.462,0.0018781599768968585
CRISPH222P_PreISO011,#3 (Mono - Tx Red),2.622,2.742,0.009502920009532448,0.26000000000000023,0.3400000000000003,0.7647058823529411,0.1200000000000001,2.962,0.0017154222396136704
CRISPH222P_PreISO011,#3 (Mono - Tx Red),3.092,3.182,0.009477906680329945,0.2509999999999999,0.4209999999999998,0.5961995249406176,0.08999999999999986,3.513,0.0016676058052292986
CRISPH222P_PreISO011,#3 (Mono - Tx Red),3.533,3.673,0.010158315418073433,0.26000000000000023,0.3599999999999999,0.7222222222222231,0.14000000000000012,3.893,0.0017781245156775604
CRISPH222P_PreISO011,#3 (Mono - Tx Red),3.973,4.103,0.008324743996435489,0.29000000000000004,0.3700000000000001,0.7837837837837837,0.1299999999999999,4.343,0.0022578240532150195
CRISPH222P_PreISO011,#3 (Mono - Tx Red),4.443,4.584,0.00876599407361436,0.25100000000000033,0.3210000000000006,0.7819314641744544,0.14100000000000001,4.764,0.0020347230596605937
CRISPH222P_PreISO011,#3 (Mono - Tx Red),4.884,5.014,0.008600276311404205,0.3099999999999996,0.3699999999999992,0.8378378378378386,0.1299999999999999,5.254,0.002011891193128412
CRISPH222P_PreISO011,#3 (Mono - Tx Red),5.334,5.504,0.008658359322098292,0.3100000000000005,0.4500000000000002,0.6888888888888898,0.16999999999999993,5.784,0.0018795200544308743
CRISPH222P_PreISO011,#3 (Mono - Tx Red),6.305,6.415,0.008259993648299416,0.2400000000000002,0.3100000000000005,0.7741935483870962,0.11000000000000032,6.615,0.002160190422336277
CRISPH222P_PreISO011,#3 (Mono - Tx Red),6.695,6.855,0.007799949525416244,0.2999999999999998,0.3899999999999997,0.7692307692307694,0.16000000000000014,7.085,0.002116467298500191
CRISPH222P_PreISO011,#3 (Mono - Tx Red),7.206,7.306,0.009260062754948405,0.22999999999999954,0.3699999999999992,0.6216216216216217,0.09999999999999964,7.576,0.0015588318753318312
CRISPH222P_PreISO011,#3 (Mono - Tx Red),7.686,7.786,0.008839181310634459,0.25,0.3100000000000005,0.8064516129032245,0.09999999999999964,7.996,0.001981859380900823
CRISPH222P_PreISO011,#3 (Mono - Tx Red),8.116,8.246,0.009272054546546981,0.2599999999999998,0.42100000000000115,0.6175771971496415,0.13000000000000078,8.537,0.0018488760943809277
CRISPH222P_PreISO011,#3 (Mono - Tx Red),9.067,9.197,0.008774727400528407,0.23000000000000043,0.33000000000000007,0.6969696969696981,0.129999999999999,9.397,0.0019458680665700773
CRISPH222P_PreISO011,#4 (Mono - Tx Red),0.31,0.46,0.008288261564240609,0.27999999999999997,0.39099999999999996,0.7161125319693095,0.15000000000000002,0.701,0.0015565485307723588
CRISPH222P_PreISO011,#4 (Mono - Tx Red),0.781,0.911,0.008058990744560325,0.2499999999999999,0.33999999999999997,0.7352941176470585,0.13,1.121,0.0017393740903564512
CRISPH222P_PreISO011,#4 (Mono - Tx Red),1.191,1.361,0.008659804359825114,0.31999999999999984,0.3899999999999999,0.8205128205128203,0.16999999999999993,1.581,0.0018343306866371882
CRISPH222P_PreISO011,#4 (Mono - Tx Red),1.701,1.811,0.008554870324824004,0.22099999999999986,0.36099999999999977,0.6121883656509696,0.10999999999999988,2.062,0.0013369771878935107
CRISPH222P_PreISO011,#4 (Mono - Tx Red),2.132,2.242,0.009306908959354614,0.2799999999999998,0.41999999999999993,0.6666666666666663,0.10999999999999988,2.552,0.0014668059142644604
CRISPH222P_PreISO011,#4 (Mono - Tx Red),2.622,2.732,0.009707925845776528,0.27,0.3799999999999999,0.7105263157894739,0.11000000000000032,3.002,0.0013553869119859827
CRISPH222P_PreISO011,#4 (Mono - Tx Red),3.092,3.212,0.009172319531551584,0.2709999999999999,0.43100000000000005,0.6287703016241296,0.1200000000000001,3.523,0.0015444734388236957
CRISPH222P_PreISO011,#4 (Mono - Tx Red),3.573,3.683,0.009023231121199335,0.22999999999999998,0.33000000000000007,0.6969696969696968,0.10999999999999988,3.903,0.002159209654690587
CRISPH222P_PreISO011,#4 (Mono - Tx Red),4.013,4.113,0.008359796576272279,0.27000000000000046,0.33000000000000007,0.8181818181818195,0.10000000000000053,4.343,0.0018635634218134535
CRISPH222P_PreISO011,#4 (Mono - Tx Red),4.483,4.594,0.008730072518447572,0.22100000000000009,0.3210000000000006,0.6884735202492202,0.11100000000000065,4.804,0.0019133076276960455
CRISPH222P_PreISO011,#4 (Mono - Tx Red),4.944,5.054,0.00898907023386846,0.2599999999999998,0.33000000000000007,0.7878787878787871,0.11000000000000032,5.274,0.0020951503786676125
CRISPH222P_PreISO011,#4 (Mono - Tx Red),5.374,5.554,0.008495559139450229,0.28000000000000025,0.3600000000000003,0.7777777777777778,0.1800000000000006,5.734,0.0019278499878584978
CRISPH222P_PreISO011,#4 (Mono - Tx Red),5.854,5.975,0.008784473171184429,0.2709999999999999,0.351,0.7720797720797719,0.12099999999999955,6.205,0.002024682655813597
CRISPH222P_PreISO011,#4 (Mono - Tx Red),6.315,6.435,0.008290164168629233,0.2599999999999998,0.33999999999999986,0.7647058823529409,0.11999999999999922,6.655,0.0019951006817142073
CRISPH222P_PreISO011,#4 (Mono - Tx Red),6.705,6.875,0.008392728014084626,0.2999999999999998,0.3799999999999999,0.7894736842105261,0.16999999999999993,7.085,0.0020661383248175196
CRISPH222P_PreISO011,#4 (Mono - Tx Red),7.216,7.316,0.009530427015789197,0.2400000000000002,0.33000000000000007,0.7272727272727277,0.09999999999999964,7.546,0.0018640457655753973
CRISPH222P_PreISO011,#4 (Mono - Tx Red),7.696,7.786,0.009486613951208794,0.25,0.3200000000000003,0.7812499999999993,0.08999999999999986,8.016,0.0017819679309873933
CRISPH222P_PreISO011,#4 (Mono - Tx Red),8.146,8.246,0.008897687209526816,0.23999999999999844,0.4009999999999998,0.5985037406483754,0.09999999999999964,8.547,0.0018269110875313859
CRISPH222P_PreISO011,#4 (Mono - Tx Red),8.697,8.757,0.008445377118545433,0.19000000000000128,0.25,0.7600000000000051,0.0600000000000005,8.947,0.002062451817938329
CRISPH222P_PreISO011,#4 (Mono - Tx Red),9.047,9.187,0.008971980880178821,0.2599999999999998,0.34999999999999964,0.742857142857143,0.1399999999999988,9.397,0.0013714664816281853
CRISPH222P_PreISO011,#4 (Mono - Tx Red),9.517,9.667,0.009428107668513194,0.29100000000000037,0.391,0.7442455242966761,0.15000000000000036,9.908,0.0020563278372694458
CRISPH222P_PreISO011,#5 (Mono - Tx Red),0.3,0.44,0.00942659422122414,0.27999999999999997,0.36100000000000004,0.7756232686980608,0.14,0.661,0.002218311133817691
CRISPH222P_PreISO011,#5 (Mono - Tx Red),0.781,0.901,0.009286477876984209,0.22999999999999987,0.2899999999999999,0.7931034482758619,0.12,1.071,0.0018831285140778458
CRISPH222P_PreISO011,#5 (Mono - Tx Red),1.221,1.331,0.009789373622477525,0.27,0.41999999999999993,0.642857142857143,0.10999999999999988,1.641,0.001555722638244315
CRISPH222P_PreISO011,#5 (Mono - Tx Red),1.691,1.821,0.009267142341999855,0.21999999999999997,0.35099999999999976,0.6267806267806272,0.1299999999999999,2.042,0.0015648608488423275
CRISPH222P_PreISO011,#5 (Mono - Tx Red),2.132,2.282,0.00983852299279228,0.2799999999999998,0.3799999999999999,0.7368421052631576,0.1499999999999999,2.512,0.001757039298979413
CRISPH222P_PreISO011,#5 (Mono - Tx Red),2.632,2.742,0.009665487895799683,0.23999999999999977,0.31000000000000005,0.7741935483870959,0.10999999999999988,2.942,0.001868785708392124
CRISPH222P_PreISO011,#5 (Mono - Tx Red),3.052,3.192,0.00982169277779461,0.30100000000000016,0.371,0.8113207547169815,0.14000000000000012,3.423,0.0017293737614198447
CRISPH222P_PreISO011,#5 (Mono - Tx Red),3.513,3.673,0.011351354565177333,0.29000000000000004,0.3900000000000001,0.7435897435897434,0.16000000000000014,3.903,0.0017558546599301095
CRISPH222P_PreISO011,#5 (Mono - Tx Red),4.003,4.143,0.009763939529515677,0.2599999999999998,0.33000000000000007,0.7878787878787871,0.13999999999999968,4.333,0.001957440368072728
CRISPH222P_PreISO011,#5 (Mono - Tx Red),4.463,4.574,0.010526185780741215,0.23099999999999987,0.43100000000000005,0.5359628770301621,0.11099999999999977,4.894,0.0016494349756614119
CRISPH222P_PreISO011,#5 (Mono - Tx Red),4.914,5.054,0.01047491861609704,0.29000000000000004,0.3700000000000001,0.7837837837837837,0.14000000000000057,5.284,0.0016056599867166918
CRISPH222P_PreISO011,#5 (Mono - Tx Red),5.404,5.504,0.010019939319916987,0.2400000000000002,0.34999999999999964,0.685714285714287,0.09999999999999964,5.754,0.0018886076756169587
CRISPH222P_PreISO011,#5 (Mono - Tx Red),5.874,5.985,0.009370608778470655,0.24100000000000055,0.3210000000000006,0.7507788161993773,0.11100000000000065,6.195,0.001768396057737165
CRISPH222P_PreISO011,#5 (Mono - Tx Red),6.295,6.445,0.009503906032702616,0.25,0.34999999999999964,0.714285714285715,0.15000000000000036,6.645,0.0017845602553215175
CRISPH222P_PreISO011,#5 (Mono - Tx Red),8.136,8.246,0.009783675639441913,0.25,0.3500000000000014,0.7142857142857114,0.11000000000000121,8.486,0.0017749236028655364
CRISPH222P_PreISO011,#5 (Mono - Tx Red),9.537,9.627,0.009974274933637376,0.270999999999999,0.3609999999999989,0.7506925207756229,0.08999999999999986,9.898,0.0014187489479585281
CRISPH222P_PreISO011,#6 (Mono - Tx Red),0.31,0.42,0.009119001333565852,0.27999999999999997,0.38099999999999995,0.7349081364829396,0.10999999999999999,0.691,0.001734549292438187
CRISPH222P_PreISO011,#6 (Mono - Tx Red),0.781,0.921,0.008457446424816335,0.23999999999999988,0.30999999999999994,0.7741935483870965,0.14,1.091,0.0019805137697174995
CRISPH222P_PreISO011,#6 (Mono - Tx Red),1.211,1.341,0.010189648968485981,0.28,0.4099999999999999,0.6829268292682928,0.1299999999999999,1.621,0.0014626521898780168
CRISPH222P_PreISO011,#6 (Mono - Tx Red),1.691,1.801,0.009711279460813856,0.23099999999999987,0.33099999999999974,0.6978851963746225,0.10999999999999988,2.022,0.001471816316383109
CRISPH222P_PreISO011,#6 (Mono - Tx Red),2.132,2.272,0.010488487559005175,0.2799999999999998,0.4099999999999997,0.6829268292682927,0.13999999999999968,2.542,0.0016573332719337672
CRISPH222P_PreISO011,#6 (Mono - Tx Red),2.632,2.732,0.009952312418709832,0.23999999999999977,0.4299999999999997,0.5581395348837208,0.10000000000000009,3.062,0.0017227901220880511
CRISPH222P_PreISO011,#6 (Mono - Tx Red),3.092,3.202,0.009538004949926857,0.2610000000000001,0.31099999999999994,0.8392282958199362,0.10999999999999988,3.403,0.002346033970111154
CRISPH222P_PreISO011,#6 (Mono - Tx Red),3.563,3.673,0.01029873883014627,0.22999999999999998,0.36999999999999966,0.6216216216216222,0.10999999999999988,3.933,0.0016747024592427672
CRISPH222P_PreISO011,#6 (Mono - Tx Red),3.993,4.103,0.009756079602639592,0.2799999999999998,0.37000000000000055,0.7567567567567551,0.10999999999999988,4.363,0.0017858444196418761
CRISPH222P_PreISO011,#6 (Mono - Tx Red),4.393,4.594,0.009408820648141131,0.31099999999999994,0.4510000000000005,0.689578713968957,0.2010000000000005,4.844,0.0019622031906258966
CRISPH222P_PreISO011,#6 (Mono - Tx Red),4.924,5.024,0.009205221646243596,0.2699999999999996,0.3299999999999992,0.8181818181818189,0.09999999999999964,5.254,0.002503416634138787
CRISPH222P_PreISO011,#6 (Mono - Tx Red),5.404,5.514,0.009968790326041784,0.2400000000000002,0.3700000000000001,0.648648648648649,0.11000000000000032,5.774,0.0018709741155041439
CRISPH222P_PreISO011,#6 (Mono - Tx Red),5.854,5.985,0.009557610159838829,0.2809999999999997,0.4009999999999998,0.70074812967581,0.13100000000000023,6.255,0.0010074796876627832
CRISPH222P_PreISO011,#6 (Mono - Tx Red),6.295,6.435,0.00942208564843626,0.2599999999999998,0.40000000000000036,0.6499999999999989,0.13999999999999968,6.695,0.0015404243861792586
CRISPH222P_PreISO011,#6 (Mono - Tx Red),6.695,6.875,0.008537601151226565,0.29000000000000004,0.4299999999999997,0.6744186046511633,0.17999999999999972,7.125,0.0017255341574721871
CRISPH222P_PreISO011,#6 (Mono - Tx Red),7.216,7.326,0.009918226350711283,0.2400000000000002,0.39999999999999947,0.6000000000000013,0.10999999999999943,7.616,0.0017342696163857416
CRISPH222P_PreISO011,#6 (Mono - Tx Red),7.686,7.786,0.009149459677230739,0.25,0.2999999999999998,0.8333333333333338,0.09999999999999964,7.986,0.0019190592937716666
CRISPH222P_PreISO011,#6 (Mono - Tx Red),8.126,8.236,0.009798187406857669,0.2400000000000002,0.43100000000000094,0.5568445475638044,0.11000000000000121,8.557,0.0016093234802334975
CRISPH222P_PreISO011,#6 (Mono - Tx Red),8.597,8.737,0.009215111695445154,0.28000000000000114,0.33000000000000007,0.8484848484848517,0.14000000000000057,8.927,0.0021881608943558873
CRISPH222P_PreISO011,#6 (Mono - Tx Red),9.047,9.177,0.009631603331547643,0.25,0.33000000000000007,0.7575757575757575,0.129999999999999,9.377,0.002109891632292877
CRISPH222P_PreISO011,#6 (Mono - Tx Red),9.497,9.637,0.009822662343356502,0.3000000000000007,0.391,0.7672634271099762,0.14000000000000057,9.888,0.0023442430741093534
CRISPH222P_PreISO011,#7 (Mono - Tx Red),0.33,0.48,0.00755330798671357,0.25999999999999995,0.291,0.8934707903780068,0.14999999999999997,0.621,0.004833245517096593
CRISPH222P_PreISO011,#7 (Mono - Tx Red),0.801,0.941,0.007491035282813247,0.20999999999999985,0.2799999999999999,0.7499999999999997,0.1399999999999999,1.081,0.003946738150400713
CRISPH222P_PreISO011,#7 (Mono - Tx Red),2.112,2.252,0.007677420328756505,0.31000000000000005,0.3599999999999999,0.8611111111111116,0.13999999999999968,2.472,0.003030172139158244
CRISPH222P_PreISO011,#7 (Mono - Tx Red),2.642,2.742,0.008459929406781906,0.2400000000000002,0.3200000000000003,0.75,0.10000000000000009,2.962,0.003108312812693528
CRISPH222P_PreISO011,#7 (Mono - Tx Red),3.082,3.202,0.007563240655621783,0.28100000000000014,0.351,0.800569800569801,0.1200000000000001,3.433,0.002898100412380684
CRISPH222P_PreISO011,#7 (Mono - Tx Red),3.573,3.683,0.008565878808204575,0.22999999999999998,0.3500000000000001,0.6571428571428569,0.10999999999999988,3.923,0.002869668218840698
CRISPH222P_PreISO011,#7 (Mono - Tx Red),4.023,4.113,0.007251293164818811,0.25,0.3200000000000003,0.7812499999999993,0.09000000000000075,4.343,0.0028203329482102764
CRISPH222P_PreISO011,#7 (Mono - Tx Red),4.433,4.584,0.008047183385640026,0.2709999999999999,0.36099999999999977,0.7506925207756235,0.1509999999999998,4.794,0.002887272036752192
CRISPH222P_PreISO011,#7 (Mono - Tx Red),5.414,5.524,0.008187208830218977,0.2400000000000002,0.29000000000000004,0.8275862068965524,0.11000000000000032,5.704,0.00235071981361762
CRISPH222P_PreISO011,#7 (Mono - Tx Red),5.854,5.965,0.008025244152947265,0.2709999999999999,0.37099999999999955,0.7304582210242594,0.11099999999999977,6.225,0.0022229414402596833
CRISPH222P_PreISO011,#7 (Mono - Tx Red),6.325,6.435,0.007777457085466979,0.22999999999999954,0.33000000000000007,0.6969696969696955,0.10999999999999943,6.655,0.002088552459892654
CRISPH222P_PreISO011,#7 (Mono - Tx Red),7.206,7.336,0.008030357643726069,0.23999999999999932,0.3099999999999996,0.7741935483870955,0.1299999999999999,7.516,0.0018630627545173032
CRISPH222P_PreISO011,#7 (Mono - Tx Red),8.617,8.747,0.008117184220857407,0.25,0.3099999999999987,0.8064516129032291,0.129999999999999,8.927,0.0018029555361533595
CRISPH222P_PreISO011,#7 (Mono - Tx Red),9.047,9.187,0.007626605310554121,0.2599999999999998,0.41000000000000014,0.6341463414634139,0.1399999999999988,9.457,0.001229880485845514
CRISPH222P_PreISO011,#8 (Mono - Tx Red),0.32,0.45,0.009324817932654654,0.27999999999999997,0.38099999999999995,0.7349081364829396,0.13,0.701,0.0019615435419877932
CRISPH222P_PreISO011,#8 (Mono - Tx Red),0.781,0.911,0.008596060564989119,0.23999999999999988,0.2899999999999999,0.8275862068965515,0.13,1.071,0.0024608860207515158
CRISPH222P_PreISO011,#8 (Mono - Tx Red),1.241,1.371,0.009236261432759763,0.2699999999999998,0.34999999999999987,0.7714285714285711,0.1299999999999999,1.591,0.0022659794752488034
CRISPH222P_PreISO011,#8 (Mono - Tx Red),1.691,1.781,0.008933263251964738,0.21999999999999997,0.2709999999999999,0.811808118081181,0.08999999999999986,1.962,0.0023637739471344885
CRISPH222P_PreISO011,#8 (Mono - Tx Red),2.122,2.282,0.009494984996047439,0.30000000000000027,0.3700000000000001,0.8108108108108113,0.16000000000000014,2.492,0.002043208135491616
CRISPH222P_PreISO011,#8 (Mono - Tx Red),2.612,2.732,0.009509715736092004,0.2799999999999998,0.3799999999999999,0.7368421052631576,0.1200000000000001,2.992,0.0017304422809678033
CRISPH222P_PreISO011,#8 (Mono - Tx Red),3.092,3.202,0.009111675622293064,0.2709999999999999,0.391,0.69309462915601,0.10999999999999988,3.483,0.002232474981066386
CRISPH222P_PreISO011,#8 (Mono - Tx Red),3.563,3.673,0.010049779679862427,0.22999999999999998,0.31000000000000005,0.7419354838709675,0.10999999999999988,3.873,0.0024351029672084407
CRISPH222P_PreISO011,#8 (Mono - Tx Red),3.973,4.123,0.009063865224263064,0.3100000000000005,0.3700000000000001,0.8378378378378389,0.15000000000000036,4.343,0.0025018938634520788
CRISPH222P_PreISO011,#8 (Mono - Tx Red),4.453,4.594,0.00885837722051052,0.25099999999999945,0.3409999999999993,0.7360703812316715,0.14100000000000001,4.794,0.0022213762584991194
CRISPH222P_PreISO011,#8 (Mono - Tx Red),4.924,5.054,0.00942951411782774,0.27999999999999936,0.33999999999999986,0.8235294117647044,0.1299999999999999,5.264,0.0025438004793264064
CRISPH222P_PreISO011,#8 (Mono - Tx Red),5.414,5.514,0.008252006932104834,0.25,0.3600000000000003,0.6944444444444439,0.10000000000000053,5.774,0.002387105949952263
CRISPH222P_PreISO011,#8 (Mono - Tx Red),5.885,5.985,0.00956035835050521,0.2400000000000002,0.33999999999999986,0.7058823529411774,0.10000000000000053,6.225,0.0020670662195351056
CRISPH222P_PreISO011,#8 (Mono - Tx Red),6.325,6.415,0.008405366386087118,0.2400000000000002,0.3799999999999999,0.6315789473684218,0.08999999999999986,6.705,0.0020720924071535854
CRISPH222P_PreISO011,#8 (Mono - Tx Red),6.735,6.895,0.008832674779021443,0.2599999999999998,0.33000000000000007,0.7878787878787871,0.15999999999999925,7.065,0.002125716060263041
CRISPH222P_PreISO011,#8 (Mono - Tx Red),7.206,7.316,0.00934737002579307,0.25,0.3899999999999997,0.6410256410256415,0.10999999999999943,7.596,0.0020834049310231757
CRISPH222P_PreISO011,#8 (Mono - Tx Red),8.146,8.246,0.009221777775922167,0.22999999999999865,0.29999999999999893,0.7666666666666649,0.09999999999999964,8.446,0.0023883550159100953
CRISPH222P_PreISO011,#8 (Mono - Tx Red),9.537,9.667,0.009988257722153192,0.270999999999999,0.3409999999999993,0.7947214076246322,0.129999999999999,9.878,0.0023447203892539943
CRISPH222P_PreISO011,#9 (Mono - Tx Red),0.32,0.44,0.007229004943676963,0.25999999999999995,0.33,0.7878787878787877,0.12,0.65,0.0019962524031986112
CRISPH222P_PreISO011,#9 (Mono - Tx Red),0.761,0.901,0.007782205322450456,0.2499999999999999,0.38,0.657894736842105,0.14,1.141,0.0019813795665696026
CRISPH222P_PreISO011,#9 (Mono - Tx Red),2.102,2.272,0.007837626586080566,0.31000000000000005,0.41999999999999993,0.7380952380952384,0.16999999999999993,2.522,0.0019262239647580405
CRISPH222P_PreISO011,#9 (Mono - Tx Red),2.622,2.732,0.007561867282051756,0.25,0.3500000000000001,0.7142857142857141,0.11000000000000032,2.972,0.0019136042379258708
CRISPH222P_PreISO011,#9 (Mono - Tx Red),3.072,3.192,0.007358049608990176,0.28100000000000014,0.351,0.800569800569801,0.1200000000000001,3.423,0.0021811129335085966
CRISPH222P_PreISO011,#9 (Mono - Tx Red),3.523,3.673,0.008569066901240586,0.2599999999999998,0.3999999999999999,0.6499999999999996,0.1499999999999999,3.923,0.0021557999180246037
CRISPH222P_PreISO011,#9 (Mono - Tx Red),3.983,4.113,0.007230399551874945,0.2799999999999998,0.3599999999999999,0.7777777777777775,0.13000000000000034,4.343,0.00176919160891579
CRISPH222P_PreISO011,#9 (Mono - Tx Red),4.443,4.584,0.007680072028094755,0.25100000000000033,0.3810000000000002,0.6587926509186357,0.14100000000000001,4.824,0.001674008884500843
CRISPH222P_PreISO011,#9 (Mono - Tx Red),4.904,5.034,0.007979229719536256,0.28000000000000025,0.41000000000000014,0.6829268292682931,0.1299999999999999,5.314,0.001895415631958708
CRISPH222P_PreISO011,#9 (Mono - Tx Red),5.354,5.534,0.007915691894965611,0.28000000000000025,0.4500000000000002,0.6222222222222226,0.17999999999999972,5.804,0.0018442442233348219
CRISPH222P_PreISO011,#9 (Mono - Tx Red),5.865,5.975,0.006940004004720236,0.25,0.33999999999999986,0.7352941176470591,0.10999999999999943,6.205,0.0022068757813405024
CRISPH222P_PreISO011,#9 (Mono - Tx Red),6.295,6.415,0.0075809462045392725,0.25,0.33999999999999986,0.7352941176470591,0.1200000000000001,6.635,0.002041556819115611
CRISPH222P_PreISO011,#9 (Mono - Tx Red),7.155,7.296,0.007227947011835456,0.2909999999999995,0.4009999999999998,0.7256857855361587,0.14100000000000001,7.556,0.001881932819069609
CRISPH222P_PreISO011,#9 (Mono - Tx Red),7.686,7.786,0.007711929018528782,0.25,0.3699999999999992,0.6756756756756771,0.09999999999999964,8.056,0.001700849213642468
CRISPH222P_PreISO011,#9 (Mono - Tx Red),9.067,9.177,0.006546831316812477,0.23000000000000043,0.3100000000000005,0.741935483870968,0.10999999999999943,9.377,0.0022046263395916763
CRISPH222P_PreISO011,#10 (Mono - Tx Red),0.32,0.44,0.008382484933211545,0.25999999999999995,0.37099999999999994,0.7008086253369272,0.12,0.691,0.0028097065456088055
CRISPH222P_PreISO011,#10 (Mono - Tx Red),0.781,0.901,0.007947122128510679,0.22999999999999987,0.32999999999999996,0.6969696969696967,0.12,1.111,0.002935848237919921
CRISPH222P_PreISO011,#10 (Mono - Tx Red),1.201,1.351,0.008522183458501248,0.27,0.3599999999999999,0.7500000000000003,0.1499999999999999,1.561,0.002989437335840457
CRISPH222P_PreISO011,#10 (Mono - Tx Red),1.691,1.781,0.00838941304427269,0.23099999999999987,0.33099999999999974,0.6978851963746225,0.08999999999999986,2.022,0.0024327151673963054
CRISPH222P_PreISO011,#10 (Mono - Tx Red),2.132,2.262,0.00898660137542598,0.27,0.33999999999999986,0.7941176470588239,0.1299999999999999,2.472,0.002803057502504403
CRISPH222P_PreISO011,#10 (Mono - Tx Red),2.592,2.732,0.00873311558166693,0.27,0.33999999999999986,0.7941176470588239,0.14000000000000012,2.932,0.0027989184116823176
CRISPH222P_PreISO011,#10 (Mono - Tx Red),3.513,3.673,0.009680626853323658,0.27,0.3799999999999999,0.7105263157894739,0.16000000000000014,3.893,0.002684895891926961
CRISPH222P_PreISO011,#10 (Mono - Tx Red),3.983,4.113,0.008345267510216886,0.27,0.3500000000000001,0.7714285714285712,0.13000000000000034,4.333,0.0026661169489380324
CRISPH222P_PreISO011,#10 (Mono - Tx Red),4.443,4.563,0.008414244454276057,0.25100000000000033,0.4010000000000007,0.6259351620947629,0.1200000000000001,4.844,0.002573695982867643
CRISPH222P_PreISO011,#10 (Mono - Tx Red),4.914,5.024,0.008368593003327353,0.27000000000000046,0.3600000000000003,0.7500000000000007,0.11000000000000032,5.274,0.0032186043210392866
CRISPH222P_PreISO011,#10 (Mono - Tx Red),5.404,5.524,0.009149753840667359,0.23000000000000043,0.2999999999999998,0.7666666666666685,0.1200000000000001,5.704,0.0031490332564839867
CRISPH222P_PreISO011,#10 (Mono - Tx Red),5.865,5.965,0.00820509146677812,0.25,0.2999999999999998,0.8333333333333338,0.09999999999999964,6.165,0.003193776129286786
CRISPH222P_PreISO011,#10 (Mono - Tx Red),6.295,6.425,0.00922475219814601,0.2400000000000002,0.40000000000000036,0.6,0.1299999999999999,6.695,0.0025718895612473437
CRISPH222P_PreISO011,#10 (Mono - Tx Red),7.195,7.296,0.00875570020393101,0.23099999999999987,0.37099999999999955,0.6226415094339627,0.10099999999999998,7.566,0.002948998803571214
CRISPH222P_PreISO011,#10 (Mono - Tx Red),7.686,7.776,0.009255062720153244,0.25,0.41999999999999993,0.5952380952380953,0.08999999999999986,8.106,0.002552130219439803
CRISPH222P_PreISO011,#10 (Mono - Tx Red),8.126,8.226,0.008737151189532461,0.2400000000000002,0.3500000000000014,0.6857142857142835,0.10000000000000142,8.476,0.003109208043953129
CRISPH222P_PreISO011,#10 (Mono - Tx Red),9.047,9.167,0.008589004675863276,0.2400000000000002,0.3200000000000003,0.75,0.11999999999999922,9.367,0.0032450962618760454
CRISPH222P_PreISO011,#10 (Mono - Tx Red),9.517,9.637,0.008218065182449781,0.28000000000000114,0.391,0.7161125319693123,0.120000000000001,9.908,0.0032507188837786966
CRISPH222P_PreISO010,#1 (Mono - Tx Red),0.09,0.21,0.008299248405399487,0.26,0.31999999999999995,0.8125000000000001,0.12,0.41,0.005783891089650896
CRISPH222P_PreISO010,#1 (Mono - Tx Red),0.57,0.641,0.008642361475474246,0.281,0.3610000000000001,0.7783933518005539,0.07100000000000006,0.931,0.00535995386941941
CRISPH222P_PreISO010,#1 (Mono - Tx Red),1.081,1.161,0.009258809671907803,0.21999999999999997,0.48,0.4583333333333333,0.08000000000000007,1.561,0.004901846361276699
CRISPH222P_PreISO010,#1 (Mono - Tx Red),2.542,2.612,0.00956612869648244,0.26000000000000023,0.33000000000000007,0.7878787878787884,0.07000000000000028,2.872,0.005416021934781334
CRISPH222P_PreISO010,#1 (Mono - Tx Red),3.022,3.102,0.008960195500728685,0.2400000000000002,0.391,0.6138107416879801,0.08000000000000007,3.413,0.0049971901550551374
CRISPH222P_PreISO010,#1 (Mono - Tx Red),3.493,3.603,0.010611174309142763,0.27,0.3400000000000003,0.7941176470588229,0.11000000000000032,3.833,0.005270959882974484
CRISPH222P_PreISO010,#1 (Mono - Tx Red),3.963,4.103,0.00883167935949323,0.2599999999999998,0.41000000000000014,0.6341463414634139,0.13999999999999968,4.373,0.005157163109941469
CRISPH222P_PreISO010,#1 (Mono - Tx Red),4.944,5.044,0.00853348860008618,0.25,0.34999999999999964,0.714285714285715,0.09999999999999964,5.294,0.005069755885367196
CRISPH222P_PreISO010,#1 (Mono - Tx Red),6.415,6.495,0.009067702048394178,0.2599999999999998,0.3099999999999996,0.8387096774193552,0.08000000000000007,6.725,0.005336245093533035
CRISPH222P_PreISO010,#1 (Mono - Tx Red),6.865,6.955,0.008283001455374956,0.2400000000000002,0.351,0.6837606837606844,0.08999999999999986,7.216,0.005097532629899928
CRISPH222P_PreISO010,#1 (Mono - Tx Red),7.336,7.416,0.008206511135041663,0.27999999999999936,0.33000000000000007,0.8484848484848464,0.08000000000000007,7.666,0.005156896959781966
CRISPH222P_PreISO010,#1 (Mono - Tx Red),8.306,8.386,0.008671072334237848,0.261000000000001,0.35100000000000087,0.7435897435897446,0.08000000000000007,8.657,0.005296419249485112
CRISPH222P_PreISO010,#1 (Mono - Tx Red),8.777,8.897,0.008318631170807906,0.2400000000000002,0.370000000000001,0.6486486486486475,0.120000000000001,9.147,0.005244739042056383
CRISPH222P_PreISO010,#1 (Mono - Tx Red),9.257,9.367,0.008912802218743049,0.28000000000000114,0.3200000000000003,0.8750000000000028,0.11000000000000121,9.577,0.004701849672173365
CRISPH222P_PreISO010,#2 (Mono - Tx Red),1.561,1.621,0.008081293313676019,0.27,0.3400000000000001,0.7941176470588234,0.06000000000000005,1.901,0.0014484555654243514
CRISPH222P_PreISO010,#2 (Mono - Tx Red),2.052,2.142,0.007233302407529326,0.23999999999999977,0.48999999999999977,0.4897959183673467,0.08999999999999986,2.542,0.001924672891953076
CRISPH222P_PreISO010,#2 (Mono - Tx Red),2.542,2.622,0.007829656239421074,0.26000000000000023,0.33000000000000007,0.7878787878787884,0.08000000000000007,2.872,0.0019862614813823632
CRISPH222P_PreISO010,#2 (Mono - Tx Red),3.483,3.573,0.006155979205020717,0.2999999999999998,0.3599999999999999,0.8333333333333331,0.08999999999999986,3.843,0.0018928000902846047
CRISPH222P_PreISO010,#2 (Mono - Tx Red),3.963,4.083,0.00721041895333884,0.25,0.41999999999999993,0.5952380952380953,0.1200000000000001,4.383,0.001680883609967272
CRISPH222P_PreISO010,#2 (Mono - Tx Red),6.405,6.505,0.00731262628279892,0.2699999999999996,0.35999999999999943,0.75,0.09999999999999964,6.765,0.0016206904456111523
CRISPH222P_PreISO010,#2 (Mono - Tx Red),6.855,6.955,0.007499630558288179,0.25,0.4509999999999996,0.5543237250554328,0.09999999999999964,7.306,0.0016115395531838364
CRISPH222P_PreISO010,#2 (Mono - Tx Red),7.336,7.446,0.007059995102613396,0.2699999999999996,0.3199999999999994,0.8437500000000002,0.10999999999999943,7.656,0.0017998641482051296
CRISPH222P_PreISO010,#2 (Mono - Tx Red),7.816,7.926,0.00766334519650631,0.2500000000000009,0.4500000000000002,0.5555555555555574,0.11000000000000032,8.266,0.0017014689808431639
CRISPH222P_PreISO010,#2 (Mono - Tx Red),8.306,8.386,0.007947354866731284,0.261000000000001,0.4510000000000005,0.578713968957873,0.08000000000000007,8.757,0.001188882561436997
CRISPH222P_PreISO010,#2 (Mono - Tx Red),9.257,9.387,0.007424960172222618,0.28000000000000114,0.370000000000001,0.7567567567567578,0.13000000000000078,9.627,0.0017763432973485983
CRISPH222P_PreISO010,#3 (Mono - Tx Red),0.12,0.2,0.007022587266250674,0.21000000000000002,0.29,0.7241379310344829,0.08000000000000002,0.41,0.002270202437541572
CRISPH222P_PreISO010,#3 (Mono - Tx Red),0.57,0.691,0.007037487920900814,0.271,0.3610000000000001,0.7506925207756231,0.121,0.931,0.0019581589883310075
CRISPH222P_PreISO010,#3 (Mono - Tx Red),2.042,2.142,0.006753608176187581,0.22999999999999998,0.29000000000000004,0.7931034482758619,0.10000000000000009,2.332,0.001854111582894394
CRISPH222P_PreISO010,#3 (Mono - Tx Red),3.022,3.122,0.007085319675833452,0.23100000000000032,0.29100000000000037,0.7938144329896908,0.10000000000000009,3.313,0.0022235753121267426
CRISPH222P_PreISO010,#3 (Mono - Tx Red),3.513,3.593,0.007061984161527797,0.25,0.33000000000000007,0.7575757575757575,0.08000000000000007,3.843,0.002341698518720249
CRISPH222P_PreISO010,#3 (Mono - Tx Red),5.414,5.524,0.007130474236240957,0.3000000000000007,0.40000000000000036,0.7500000000000011,0.11000000000000032,5.814,0.0020964600066215628
CRISPH222P_PreISO010,#3 (Mono - Tx Red),6.865,6.955,0.006940638062281306,0.2400000000000002,0.32099999999999973,0.7476635514018705,0.08999999999999986,7.186,0.0017272642763278528
CRISPH222P_PreISO010,#3 (Mono - Tx Red),7.336,7.426,0.00665924530508202,0.2699999999999996,0.45999999999999996,0.5869565217391296,0.08999999999999986,7.796,0.0018190316076521149
CRISPH222P_PreISO010,#3 (Mono - Tx Red),7.826,7.906,0.00684185940038657,0.21999999999999975,0.35000000000000053,0.6285714285714269,0.08000000000000007,8.176,0.002240607122954628
CRISPH222P_PreISO010,#3 (Mono - Tx Red),8.296,8.396,0.006634554535538632,0.2810000000000006,0.35100000000000087,0.8005698005698002,0.10000000000000142,8.647,0.0020870159635244974
CRISPH222P_PreISO010,#3 (Mono - Tx Red),8.797,8.867,0.007191835886888282,0.21999999999999886,0.29999999999999893,0.7333333333333322,0.07000000000000028,9.097,0.001991566758940906
CRISPH222P_PreISO010,#4 (Mono - Tx Red),0.12,0.2,0.008259795384040324,0.21000000000000002,0.32,0.65625,0.08000000000000002,0.44,0.0035805992030800704
CRISPH222P_PreISO010,#4 (Mono - Tx Red),1.061,1.181,0.008462437374159157,0.24,0.45999999999999996,0.5217391304347826,0.1200000000000001,1.521,0.002769145778428547
CRISPH222P_PreISO010,#4 (Mono - Tx Red),1.561,1.631,0.008223909952445421,0.27,0.3600000000000001,0.7499999999999999,0.07000000000000006,1.921,0.003502538154852874
CRISPH222P_PreISO010,#4 (Mono - Tx Red),2.032,2.142,0.008340389513294631,0.22999999999999998,0.33999999999999986,0.6764705882352944,0.10999999999999988,2.372,0.0035778807140818877
CRISPH222P_PreISO010,#4 (Mono - Tx Red),2.522,2.612,0.008254370037941636,0.29000000000000004,0.3900000000000001,0.7435897435897434,0.0900000000000003,2.912,0.0034193433317588583
CRISPH222P_PreISO010,#4 (Mono - Tx Red),3.022,3.112,0.007556742138584791,0.22100000000000009,0.30100000000000016,0.73421926910299,0.0900000000000003,3.323,0.0036170239651216714
CRISPH222P_PreISO010,#4 (Mono - Tx Red),3.993,4.073,0.007826454383769929,0.2200000000000002,0.3400000000000003,0.6470588235294118,0.08000000000000052,4.333,0.003562089425813299
CRISPH222P_PreISO010,#4 (Mono - Tx Red),4.934,5.034,0.008492721692101152,0.2599999999999998,0.33000000000000007,0.7878787878787871,0.09999999999999964,5.264,0.0031178054324101524
CRISPH222P_PreISO010,#4 (Mono - Tx Red),5.424,5.514,0.0081335200171688,0.27999999999999936,0.3899999999999997,0.717948717948717,0.08999999999999986,5.814,0.0034037402973765385
CRISPH222P_PreISO010,#4 (Mono - Tx Red),5.925,6.005,0.0073827840789154504,0.23000000000000043,0.33999999999999986,0.6764705882352956,0.08000000000000007,6.265,0.0032943092534885644
CRISPH222P_PreISO010,#4 (Mono - Tx Red),7.306,7.416,0.007977467095355253,0.3099999999999996,0.3899999999999997,0.7948717948717945,0.11000000000000032,7.696,0.0033236612736477758
CRISPH222P_PreISO010,#4 (Mono - Tx Red),7.806,7.906,0.008262205345844504,0.23999999999999932,0.3099999999999996,0.7741935483870955,0.09999999999999964,8.116,0.003229493006796108
CRISPH222P_PreISO010,#4 (Mono - Tx Red),8.296,8.416,0.0077481872425591725,0.2710000000000008,0.3810000000000002,0.7112860892388468,0.120000000000001,8.677,0.0034271799913149783
CRISPH222P_PreISO010,#4 (Mono - Tx Red),8.757,8.867,0.008210996465032119,0.25,0.33999999999999986,0.7352941176470591,0.11000000000000121,9.097,0.0033811228790644673
CRISPH222P_PreISO010,#4 (Mono - Tx Red),9.267,9.367,0.0077837693395467365,0.27000000000000135,0.41000000000000014,0.6585365853658567,0.10000000000000142,9.677,0.0032032795341515384
CRISPH222P_PreISO010,#5 (Mono - Tx Red),0.06,0.2,0.007387317373388175,0.28,0.33,0.8484848484848485,0.14,0.39,0.008586963836399456
CRISPH222P_PreISO010,#5 (Mono - Tx Red),0.57,0.681,0.007636772156884784,0.251,0.3410000000000001,0.7360703812316713,0.1110000000000001,0.911,0.00784533089576873
CRISPH222P_PreISO010,#5 (Mono - Tx Red),1.551,1.641,0.00825003313567674,0.28,0.33000000000000007,0.8484848484848484,0.09000000000000008,1.881,0.006840541102887432
CRISPH222P_PreISO010,#5 (Mono - Tx Red),2.032,2.142,0.0074133156080492795,0.22999999999999998,0.31000000000000005,0.7419354838709675,0.10999999999999988,2.342,0.0064386034184848945
CRISPH222P_PreISO010,#5 (Mono - Tx Red),2.512,2.612,0.008062045197091973,0.29000000000000004,0.33999999999999986,0.8529411764705886,0.10000000000000009,2.852,0.006021669579243458
CRISPH222P_PreISO010,#5 (Mono - Tx Red),3.012,3.102,0.007554109746185323,0.23099999999999987,0.33099999999999996,0.6978851963746221,0.08999999999999986,3.343,0.005560556463334211
CRISPH222P_PreISO010,#5 (Mono - Tx Red),3.503,3.603,0.008891983131224126,0.2599999999999998,0.33999999999999986,0.7647058823529409,0.10000000000000009,3.843,0.0049267877637848975
CRISPH222P_PreISO010,#5 (Mono - Tx Red),3.943,4.063,0.007600314754922349,0.27,0.3400000000000003,0.7941176470588229,0.11999999999999966,4.283,0.004259152193024677
CRISPH222P_PreISO010,#5 (Mono - Tx Red),4.954,5.034,0.0074398698497954874,0.23000000000000043,0.29000000000000004,0.7931034482758634,0.08000000000000007,5.244,0.0037532829388899893
CRISPH222P_PreISO010,#5 (Mono - Tx Red),5.424,5.524,0.008375709693250853,0.27999999999999936,0.3199999999999994,0.8749999999999997,0.09999999999999964,5.744,0.0036529065664841903
CRISPH222P_PreISO010,#5 (Mono - Tx Red),5.935,5.995,0.007152426302920115,0.23000000000000043,0.3800000000000008,0.6052631578947367,0.0600000000000005,6.315,0.002863631100676491
CRISPH222P_PreISO010,#5 (Mono - Tx Red),6.415,6.515,0.008517992660475027,0.2599999999999998,0.3099999999999996,0.8387096774193552,0.09999999999999964,6.725,0.0027187619289843253
CRISPH222P_PreISO010,#5 (Mono - Tx Red),6.865,6.955,0.007695833358978147,0.2400000000000002,0.4109999999999996,0.5839416058394171,0.08999999999999986,7.276,0.002296505366619124
CRISPH222P_PreISO010,#5 (Mono - Tx Red),7.786,7.896,0.0074919727474981965,0.2699999999999996,0.33999999999999986,0.7941176470588226,0.11000000000000032,8.126,0.002405759011221823
CRISPH222P_PreISO010,#5 (Mono - Tx Red),8.266,8.386,0.007464196857414885,0.29100000000000037,0.37100000000000044,0.784366576819407,0.11999999999999922,8.637,0.0021016833335289853
CRISPH222P_PreISO010,#5 (Mono - Tx Red),8.767,8.877,0.007691981616512896,0.2400000000000002,0.33000000000000007,0.7272727272727277,0.11000000000000121,9.097,0.0015701777903740625
CRISPH222P_PreISO010,#5 (Mono - Tx Red),9.267,9.347,0.00732896091640544,0.2599999999999998,0.3000000000000007,0.8666666666666639,0.08000000000000007,9.567,0.001653213649439916
CRISPH222P_PreISO010,#6 (Mono - Tx Red),0.11,0.22,0.007669187613698027,0.23000000000000004,0.35000000000000003,0.6571428571428571,0.11,0.46,0.0030016197184543508
CRISPH222P_PreISO010,#6 (Mono - Tx Red),0.57,0.671,0.00787930000022892,0.281,0.42100000000000004,0.667458432304038,0.10100000000000009,0.991,0.0030270645356328873
CRISPH222P_PreISO010,#6 (Mono - Tx Red),1.571,1.651,0.007149213453163019,0.27,0.32000000000000006,0.8437499999999999,0.08000000000000007,1.891,0.003353066087158273
CRISPH222P_PreISO010,#6 (Mono - Tx Red),2.052,2.152,0.00702995366109425,0.21999999999999975,0.31999999999999984,0.6874999999999996,0.10000000000000009,2.372,0.003157755582154192
CRISPH222P_PreISO010,#6 (Mono - Tx Red),2.542,2.612,0.007432598822029372,0.27,0.3600000000000003,0.7499999999999993,0.07000000000000028,2.902,0.0032866107810733238
CRISPH222P_PreISO010,#6 (Mono - Tx Red),3.022,3.092,0.0070867054894514,0.22100000000000009,0.29100000000000037,0.7594501718213051,0.07000000000000028,3.313,0.003257318151494767
CRISPH222P_PreISO010,#6 (Mono - Tx Red),3.493,3.603,0.00809798809926815,0.28000000000000025,0.3500000000000001,0.8000000000000005,0.11000000000000032,3.843,0.0031921817430296973
CRISPH222P_PreISO010,#6 (Mono - Tx Red),3.983,4.093,0.006778887448644174,0.23999999999999977,0.3400000000000003,0.7058823529411752,0.10999999999999988,4.323,0.0032792207936538777
CRISPH222P_PreISO010,#6 (Mono - Tx Red),7.336,7.436,0.007322513093248354,0.23999999999999932,0.33999999999999986,0.7058823529411747,0.09999999999999964,7.676,0.002984615201677721
CRISPH222P_PreISO010,#6 (Mono - Tx Red),7.806,7.926,0.007095002540784826,0.2499999999999991,0.29000000000000004,0.8620689655172382,0.1200000000000001,8.096,0.0030699800115676096
CRISPH222P_PreISO010,#6 (Mono - Tx Red),8.306,8.406,0.007457137341864277,0.261000000000001,0.3310000000000013,0.7885196374622356,0.10000000000000142,8.637,0.002828559888773581
CRISPH222P_PreISO010,#6 (Mono - Tx Red),8.777,8.887,0.006780758241435893,0.2400000000000002,0.3500000000000014,0.6857142857142835,0.11000000000000121,9.127,0.002990124749046961
CRISPH222P_PreISO010,#6 (Mono - Tx Red),9.267,9.367,0.007332143185769122,0.27000000000000135,0.3100000000000005,0.8709677419354869,0.10000000000000142,9.577,0.002735956811324677
CRISPH222P_PreISO010,#7 (Mono - Tx Red),0.57,0.651,0.0082507749042778,0.281,0.491,0.5723014256619146,0.08100000000000007,1.061,0.002315119310908142
CRISPH222P_PreISO010,#7 (Mono - Tx Red),1.061,1.151,0.008090092596304194,0.25,0.5,0.5,0.09000000000000008,1.561,0.0025701719503073983
CRISPH222P_PreISO010,#7 (Mono - Tx Red),1.561,1.621,0.008855768793397402,0.27,0.33000000000000007,0.818181818181818,0.06000000000000005,1.891,0.003002685367361678
CRISPH222P_PreISO010,#7 (Mono - Tx Red),2.042,2.122,0.007620542487615876,0.22999999999999998,0.3900000000000001,0.5897435897435895,0.08000000000000007,2.432,0.0027041877786366285
CRISPH222P_PreISO010,#7 (Mono - Tx Red),3.012,3.092,0.007895359951171754,0.2410000000000001,0.33099999999999996,0.7280966767371605,0.08000000000000007,3.343,0.0027147349913768945
CRISPH222P_PreISO010,#7 (Mono - Tx Red),3.503,3.603,0.00896747403751866,0.2599999999999998,0.33999999999999986,0.7647058823529409,0.10000000000000009,3.843,0.00304369390898922
CRISPH222P_PreISO010,#7 (Mono - Tx Red),3.993,4.083,0.008092509374874,0.2200000000000002,0.3900000000000001,0.5641025641025644,0.0900000000000003,4.383,0.0029474352904988827
CRISPH222P_PreISO010,#7 (Mono - Tx Red),4.443,4.553,0.008349247302208719,0.30100000000000016,0.42100000000000026,0.7149643705463182,0.11000000000000032,4.864,0.003053007566600727
CRISPH222P_PreISO010,#7 (Mono - Tx Red),4.934,5.044,0.0084966848766982,0.2599999999999998,0.46999999999999975,0.5531914893617019,0.10999999999999943,5.404,0.0024893933837278875
CRISPH222P_PreISO010,#7 (Mono - Tx Red),6.405,6.505,0.00871707052309579,0.2699999999999996,0.33000000000000007,0.8181818181818167,0.09999999999999964,6.735,0.0026099324355059452
CRISPH222P_PreISO010,#7 (Mono - Tx Red),6.875,6.965,0.008032976529074745,0.23000000000000043,0.37100000000000044,0.6199460916442052,0.08999999999999986,7.246,0.002555720670274472
CRISPH222P_PreISO010,#7 (Mono - Tx Red),7.316,7.416,0.008418128419597902,0.3100000000000005,0.4300000000000006,0.7209302325581397,0.10000000000000053,7.746,0.002491883914370323
CRISPH222P_PreISO010,#7 (Mono - Tx Red),7.826,7.906,0.008311685048308226,0.21999999999999975,0.3200000000000012,0.6874999999999967,0.08000000000000007,8.146,0.002792503864795891
CRISPH222P_PreISO010,#7 (Mono - Tx Red),8.306,8.396,0.00808963729765961,0.261000000000001,0.3410000000000011,0.765395894428153,0.09000000000000163,8.647,0.0025816451025040526
CRISPH222P_PreISO010,#7 (Mono - Tx Red),8.797,8.867,0.0080409589571022,0.21999999999999886,0.3200000000000003,0.6874999999999959,0.07000000000000028,9.117,0.0028619053116411587
CRISPH222P_PreISO010,#7 (Mono - Tx Red),9.247,9.357,0.007883881523294733,0.2900000000000009,0.3200000000000003,0.9062500000000021,0.10999999999999943,9.567,0.0028965139809592412
CRISPH222P_PreISO010,#8 (Mono - Tx Red),0.12,0.24,0.0080691164399492,0.22000000000000003,0.32,0.6875000000000001,0.12,0.44,0.003983509314668882
CRISPH222P_PreISO010,#8 (Mono - Tx Red),0.57,0.681,0.008469243348215045,0.271,0.381,0.7112860892388452,0.1110000000000001,0.951,0.004035989929654587
CRISPH222P_PreISO010,#8 (Mono - Tx Red),1.071,1.161,0.009573124978593903,0.22999999999999998,0.48,0.47916666666666663,0.09000000000000008,1.551,0.0033826875331766544
CRISPH222P_PreISO010,#8 (Mono - Tx Red),1.561,1.661,0.008824310658541959,0.27,0.31000000000000005,0.8709677419354838,0.10000000000000009,1.871,0.0041197724575304925
CRISPH222P_PreISO010,#8 (Mono - Tx Red),2.532,2.602,0.008851543934063458,0.27,0.31999999999999984,0.8437500000000004,0.06999999999999984,2.852,0.004233417922250313
CRISPH222P_PreISO010,#8 (Mono - Tx Red),3.002,3.102,0.00870400070496047,0.2410000000000001,0.40100000000000025,0.6009975062344138,0.10000000000000009,3.403,0.0041421383908235715
CRISPH222P_PreISO010,#8 (Mono - Tx Red),3.513,3.603,0.009633600572527969,0.2400000000000002,0.3500000000000001,0.6857142857142862,0.0900000000000003,3.863,0.003859063629267095
CRISPH222P_PreISO010,#8 (Mono - Tx Red),3.973,4.073,0.008961476401784147,0.2400000000000002,0.3600000000000003,0.6666666666666666,0.10000000000000053,4.333,0.003695456485414847
CRISPH222P_PreISO010,#8 (Mono - Tx Red),4.924,5.034,0.008057266061493991,0.2599999999999998,0.3199999999999994,0.8125000000000009,0.10999999999999943,5.244,0.003958123655665673
CRISPH222P_PreISO010,#8 (Mono - Tx Red),5.404,5.544,0.00914856139772834,0.2999999999999998,0.3799999999999999,0.7894736842105261,0.13999999999999968,5.784,0.0038905611058190673
CRISPH222P_PreISO010,#8 (Mono - Tx Red),5.925,6.045,0.00835698051964588,0.23000000000000043,0.2999999999999998,0.7666666666666685,0.1200000000000001,6.225,0.0037656556032979664
CRISPH222P_PreISO010,#8 (Mono - Tx Red),6.415,6.515,0.008923150070847478,0.25,0.3099999999999996,0.8064516129032269,0.09999999999999964,6.725,0.0038705248428082223
CRISPH222P_PreISO010,#8 (Mono - Tx Red),7.336,7.426,0.008430235821712366,0.27999999999999936,0.33999999999999986,0.8235294117647044,0.08999999999999986,7.676,0.0036465182548339114
CRISPH222P_PreISO010,#8 (Mono - Tx Red),7.816,7.916,0.008714774474079139,0.22999999999999954,0.3199999999999994,0.7187499999999999,0.10000000000000053,8.136,0.0038732492744742845
CRISPH222P_PreISO010,#8 (Mono - Tx Red),8.256,8.406,0.008555110050560262,0.30100000000000016,0.391,0.769820971867008,0.15000000000000036,8.647,0.00379519776707926
CRISPH222P_PreISO010,#8 (Mono - Tx Red),8.767,8.867,0.008769296621006456,0.25,0.3500000000000014,0.7142857142857114,0.10000000000000142,9.117,0.003530935404679576
CRISPH222P_PreISO010,#8 (Mono - Tx Red),9.267,9.347,0.009037915375409612,0.2599999999999998,0.3100000000000005,0.8387096774193528,0.08000000000000007,9.577,0.004000956307697447
CRISPH222P_PreISO010,#9 (Mono - Tx Red),0.12,0.19,0.007354766384644508,0.22000000000000003,0.29,0.7586206896551726,0.07,0.41,0.004399688378361822
CRISPH222P_PreISO010,#9 (Mono - Tx Red),0.57,0.651,0.007489742644803895,0.281,0.381,0.7375328083989502,0.08100000000000007,0.951,0.0038923642858034956
CRISPH222P_PreISO010,#9 (Mono - Tx Red),1.561,1.661,0.008199489185170428,0.27,0.3400000000000001,0.7941176470588234,0.10000000000000009,1.901,0.003981203095803252
CRISPH222P_PreISO010,#9 (Mono - Tx Red),2.532,2.612,0.00781233926974536,0.2799999999999998,0.3500000000000001,0.7999999999999993,0.08000000000000007,2.882,0.004610904012509864
CRISPH222P_PreISO010,#9 (Mono - Tx Red),3.983,4.073,0.007898862109684783,0.22999999999999998,0.36999999999999966,0.6216216216216222,0.0900000000000003,4.353,0.003911204515028285
CRISPH222P_PreISO010,#9 (Mono - Tx Red),4.954,5.044,0.007530893396652152,0.2400000000000002,0.3100000000000005,0.7741935483870962,0.08999999999999986,5.264,0.0038930635745483113
CRISPH222P_PreISO010,#9 (Mono - Tx Red),5.935,6.025,0.007722892106260872,0.23000000000000043,0.4400000000000004,0.5227272727272733,0.09000000000000075,6.375,0.0036968132525385996
CRISPH222P_PreISO010,#9 (Mono - Tx Red),6.405,6.515,0.008778917536945426,0.2699999999999996,0.3899999999999997,0.6923076923076917,0.10999999999999943,6.795,0.0034396454830191497
CRISPH222P_PreISO010,#9 (Mono - Tx Red),6.875,6.965,0.007729746287479635,0.23000000000000043,0.36099999999999977,0.6371191135734088,0.08999999999999986,7.236,0.003925666136342616
CRISPH222P_PreISO010,#9 (Mono - Tx Red),7.286,7.416,0.007564267954667801,0.33000000000000007,0.39000000000000057,0.8461538461538451,0.13000000000000078,7.676,0.003977598261770243
CRISPH222P_PreISO010,#9 (Mono - Tx Red),7.826,7.916,0.006901341010560256,0.21999999999999975,0.28000000000000025,0.7857142857142841,0.09000000000000075,8.106,0.00412825897064573
CRISPH222P_PreISO010,#9 (Mono - Tx Red),8.787,8.877,0.007641947300427511,0.23999999999999844,0.3199999999999985,0.7499999999999986,0.08999999999999986,9.107,0.0038466074389186013
CRISPH222P_PreISO010,#10 (Mono - Tx Red),0.08,0.19,0.006464368616423645,0.26,0.41,0.6341463414634146,0.11,0.49,0.002001131658365154
CRISPH222P_PreISO010,#10 (Mono - Tx Red),0.54,0.661,0.007240354767955924,0.31099999999999994,0.42099999999999993,0.7387173396674585,0.121,0.961,0.001530891114287092
CRISPH222P_PreISO010,#10 (Mono - Tx Red),1.521,1.641,0.007475077279889264,0.31000000000000005,0.5009999999999999,0.6187624750499005,0.1200000000000001,2.022,0.0015103207432909638
CRISPH222P_PreISO010,#10 (Mono - Tx Red),2.042,2.122,0.0063756404490896024,0.22999999999999998,0.3700000000000001,0.6216216216216214,0.08000000000000007,2.412,0.001966779735918913
CRISPH222P_PreISO010,#10 (Mono - Tx Red),2.532,2.642,0.00786641202762271,0.27,0.43999999999999995,0.6136363636363638,0.10999999999999988,2.972,0.00148965647720604
CRISPH222P_PreISO010,#10 (Mono - Tx Red),4.473,4.544,0.007211007350912209,0.25100000000000033,0.29100000000000037,0.8625429553264605,0.07099999999999973,4.764,0.0022242605330189016
CRISPH222P_PreISO010,#10 (Mono - Tx Red),4.914,5.024,0.006144234120134011,0.27000000000000046,0.41000000000000014,0.6585365853658546,0.11000000000000032,5.324,0.002066811470137762
CRISPH222P_PreISO010,#10 (Mono - Tx Red),5.424,5.544,0.0064831049110173405,0.27999999999999936,0.5109999999999992,0.5479452054794516,0.11999999999999922,5.935,0.001495968253940566
CRISPH222P_PreISO010,#10 (Mono - Tx Red),5.935,6.005,0.005892515745645397,0.22000000000000064,0.28000000000000025,0.7857142857142873,0.07000000000000028,6.215,0.00213542463755879
CRISPH222P_PreISO010,#10 (Mono - Tx Red),7.326,7.426,0.007083101079189387,0.29000000000000004,0.45999999999999996,0.6304347826086958,0.10000000000000053,7.786,0.0015600035249367023
CRISPH222P_PreISO010,#10 (Mono - Tx Red),7.816,7.906,0.007234697249804375,0.22999999999999954,0.35000000000000053,0.6571428571428548,0.08999999999999986,8.166,0.0017672705392484714
CRISPH222P_PreISO010,#10 (Mono - Tx Red),8.306,8.406,0.008097563629548958,0.2510000000000012,0.4710000000000001,0.5329087048832297,0.10000000000000142,8.777,0.0016272516603560454
CRISPH222P_PreISO010,#10 (Mono - Tx Red),9.257,9.357,0.00690938495758644,0.28000000000000114,0.41999999999999993,0.6666666666666695,0.09999999999999964,9.677,0.001531307009668158
